INSERT INTO movie (kode_dvd, judul, harga_sewa, denda, tahun_rilis) VALUES
('DVD001', 'Avengers: Endgame', 50000, 5000, '2019'),
('DVD002', 'The Shawshank Redemption', 45000, 4500, '1994'),
('DVD003', 'The Godfather', 48000, 4800, '1972'),
('DVD004', 'Pulp Fiction', 46000, 4600, '1994'),
('DVD005', 'The Dark Knight', 49000, 4900, '2008'),
('DVD006', 'Forrest Gump', 42000, 4200, '1994'),
('DVD007', 'Fight Club', 47000, 4700, '1999'),
('DVD008', 'The Matrix', 43000, 4300, '1999'),
('DVD009', 'Inception', 51000, 5100, '2010'),
('DVD010', 'Schindler\'s List', 49000, 4900, '1993'),
('DVD011', 'The Lord of the Rings: The Return of the King', 50000, 5000, '2003'),
('DVD012', 'The Silence of the Lambs', 47000, 4700, '1991'),
('DVD013', 'Titanic', 45000, 4500, '1997'),
('DVD014', 'The Green Mile', 48000, 4800, '1999'),
('DVD015', 'Gladiator', 44000, 4400, '2000'),
('DVD016', 'Goodfellas', 46000, 4600, '1990'),
('DVD017', 'The Sixth Sense', 43000, 4300, '1999'),
('DVD018', 'The Departed', 49000, 4900, '2006'),
('DVD019', 'Saving Private Ryan', 48000, 4800, '1998'),
('DVD020', 'The Wolf of Wall Street', 50000, 5000, '2013'),
('DVD021', 'Inglourious Basterds', 46000, 4600, '2009'),
('DVD022', 'Interstellar', 52000, 5200, '2014'),
('DVD023', 'The Revenant', 49000, 4900, '2015'),
('DVD024', 'The Pianist', 47000, 4700, '2002'),
('DVD025', 'The Great Gatsby', 45000, 4500, '2013'),
('DVD026', 'Django Unchained', 48000, 4800, '2012'),
('DVD027', 'Forrest Gump', 42000, 4200, '1994'),
('DVD028', 'Se7en', 43000, 4300, '1995'),
('DVD029', 'The Lord of the Rings: The Fellowship of the Ring', 50000, 5000, '2001'),
('DVD030', 'The Departed', 49000, 4900, '2006'),
('DVD031', 'Jurassic Park', 45000, 4500, '1993'),
('DVD032', 'The Dark Knight Rises', 49000, 4900, '2012'),
('DVD033', 'The Matrix', 43000, 4300, '1999'),
('DVD034', 'The Lord of the Rings: The Two Towers', 50000, 5000, '2002'),
('DVD035', 'The Gladiator', 44000, 4400, '2000'),
('DVD036', 'Avatar', 47000, 4700, '2009'),
('DVD037', 'Titanic', 45000, 4500, '1997'),
('DVD038', 'The Shining', 48000, 4800, '1980'),
('DVD039', 'A Beautiful Mind', 46000, 4600, '2001'),
('DVD040', 'The Lion King', 49000, 4900, '1994'),
('DVD041', 'The Prestige', 47000, 4700, '2006'),
('DVD042', 'The Dark Knight', 49000, 4900, '2008'),
('DVD043', 'The Shawshank Redemption', 45000, 4500, '1994'),
('DVD044', 'The Godfather', 48000, 4800, '1972'),
('DVD045', 'Pulp Fiction', 46000, 4600, '1994'),
('DVD046', 'Inception', 51000, 5100, '2010'),
('DVD047', 'Schindler\'s List', 49000, 4900, '1993'),
('DVD048', 'The Matrix', 43000, 4300, '1999'),
('DVD049', 'The Silence of the Lambs', 47000, 4700, '1991'),
('DVD050', 'Forrest Gump', 42000, 4200, '1994');

INSERT INTO kecamatan (id_kecamatan, kecamatan) VALUES
(1, 'Aceh Besar'),
(2, 'Aceh Jaya'),
(3, 'Aceh Selatan'),
(4, 'Aceh Singkil'),
(5, 'Aceh Tamiang'),
(6, 'Aceh Tengah'),
(7, 'Aceh Tenggara'),
(8, 'Aceh Timur'),
(9, 'Aceh Utara'),
(10, 'Agam'),
(11, 'Alor'),
(12, 'Ambon'),
(13, 'Asahan'),
(14, 'Badung'),
(15, 'Balangan'),
(16, 'Balikpapan'),
(17, 'Banggai'),
(18, 'Bangka'),
(19, 'Bangka Barat'),
(20, 'Bangka Selatan'),
(21, 'Bangka Tengah'),
(22, 'Bangkalan'),
(23, 'Bangli'),
(24, 'Banjar'),
(25, 'Banjarbaru'),
(26, 'Banjarmasin'),
(27, 'Bantaeng'),
(28, 'Bantul'),
(29, 'Banyuwangi'),
(30, 'Barito Kuala'),
(31, 'Barito Selatan'),
(32, 'Barito Timur'),
(33, 'Barito Utara'),
(34, 'Barru'),
(35, 'Batam'),
(36, 'Batang'),
(37, 'Batang Hari'),
(38, 'Batu'),
(39, 'Batu Bara'),
(40, 'Bau-Bau'),
(41, 'Bekasi'),
(42, 'Belitung'),
(43, 'Belitung Timur'),
(44, 'Bengkalis'),
(45, 'Bengkayang'),
(46, 'Bengkulu'),
(47, 'Bengkulu Selatan'),
(48, 'Bengkulu Tengah'),
(49, 'Bengkulu Utara'),
(50, 'Berau');

INSERT INTO kelurahan (id_kelurahan, id_kecamatan, kelurahan) VALUES
(1, 1, 'Banda Aceh'),
(2, 1, 'Meuraxa'),
(3, 1, 'Kuta Alam'),
(4, 1, 'Syiah Kuala'),
(5, 2, 'Calang'),
(6, 2, 'Jaya Baru'),
(7, 2, 'Krueng Sabee'),
(8, 2, 'Pucok Alue'),
(9, 3, 'Bakongan'),
(10, 3, 'Kluet Selatan'),
(11, 3, 'Kluet Tengah'),
(12, 3, 'Kluet Utara'),
(13, 4, 'Alapan'),
(14, 4, 'Sinabang'),
(15, 4, 'Suka Makmur'),
(16, 4, 'Sumber Jaya'),
(17, 5, 'Banda Raya'),
(18, 5, 'Jaya'),
(19, 5, 'Seruway'),
(20, 5, 'Simpang Jernih'),
(21, 6, 'Bukit'),
(22, 6, 'Darul Imarah'),
(23, 6, 'Jaya'),
(24, 6, 'Linge'),
(25, 7, 'Babul Makmur'),
(26, 7, 'Darul Aman'),
(27, 7, 'Deleng Pagu'),
(28, 7, 'Geumpang'),
(29, 8, 'Alu Itam'),
(30, 8, 'Birem Bayeun'),
(31, 8, 'Darul Aman'),
(32, 8, 'Kota Bakti'),
(33, 9, 'Baktiya'),
(34, 9, 'Dewantara'),
(35, 9, 'Labuhan Haji'),
(36, 9, 'Lambou Sika'),
(37, 10, 'Ampek Angkek'),
(38, 10, 'Tilatang Kamang'),
(39, 10, 'Tilatang Kamang Timur'),
(40, 10, 'Tilatang Kamang Barat'),
(41, 11, 'Baranusa'),
(42, 11, 'Kalabahi'),
(43, 11, 'Lirang'),
(44, 11, 'Takpala'),
(45, 12, 'Leihitu'),
(46, 12, 'Leihitu Barat'),
(47, 12, 'Leihitu Selatan'),
(48, 12, 'Leihitu Utara'),
(49, 13, 'Aek Kuasan'),
(50, 13, 'Air Batu');

INSERT INTO pelanggan (kode_pelanggan, id_kelurahan, nama, alamat, jenis_kelamin) VALUES
('PLG001', 1, 'Agus Setiawan', 'Jl. Merdeka No. 1', 'L'),
('PLG002', 2, 'Rini Wahyu', 'Jl. Pahlawan No. 5', 'P'),
('PLG003', 3, 'Budi Pratama', 'Jl. Diponegoro No. 10', 'L'),
('PLG004', 4, 'Siti Rahmawati', 'Jl. Teuku Umar No. 15', 'P'),
('PLG005', 5, 'Firman Saputra', 'Jl. Sudirman No. 2', 'L'),
('PLG006', 6, 'Sari Wulandari', 'Jl. Gatot Subroto No. 12', 'P'),
('PLG007', 7, 'Hendro Widodo', 'Jl. Gajah Mada No. 8', 'L'),
('PLG008', 8, 'Rina Wijaya', 'Jl. Ahmad Yani No. 4', 'P'),
('PLG009', 9, 'Indra Sutrisno', 'Jl. Imam Bonjol No. 7', 'L'),
('PLG010', 10, 'Lina Putri', 'Jl. Pattimura No. 3', 'P'),
('PLG011', 11, 'Yusuf Saputra', 'Jl. Haji Abdul Malik No. 6', 'L'),
('PLG012', 12, 'Dewi Susanti', 'Jl. Seram No. 14', 'P'),
('PLG013', 13, 'Ferry Pranoto', 'Jl. Dr. Wahidin No. 17', 'L'),
('PLG014', 14, 'Lia Pangestu', 'Jl. Mawar No. 9', 'P'),
('PLG015', 15, 'Agus Hermanto', 'Jl. Raya Barat No. 11', 'L'),
('PLG016', 16, 'Nina Kristanti', 'Jl. Pemuda No. 5', 'P'),
('PLG017', 17, 'Eko Purnomo', 'Jl. Kali Baru No. 3', 'L'),
('PLG018', 18, 'Ratna Sari', 'Jl. Malang No. 2', 'P'),
('PLG019', 19, 'Adi Nugroho', 'Jl. Sederhana No. 1', 'L'),
('PLG020', 20, 'Sari Rahayu', 'Jl. Aman Sejahtera No. 13', 'P'),
('PLG021', 21, 'Arief Prabowo', 'Jl. Cinta Damai No. 6', 'L'),
('PLG022', 22, 'Lia Agustina', 'Jl. Aman Damai No. 8', 'P'),
('PLG023', 23, 'Bambang Trianto', 'Jl. Cendrawasih No. 4', 'L'),
('PLG024', 24, 'Siti Suharni', 'Jl. Putra Sentosa No. 2', 'P'),
('PLG025', 25, 'Iwan Susanto', 'Jl. Makmur Abadi No. 7', 'L'),
('PLG026', 26, 'Lia Utami', 'Jl. Raya Jaya No. 15', 'P'),
('PLG027', 27, 'Ade Suryanto', 'Jl. Purnama No. 11', 'L'),
('PLG028', 28, 'Dewi Astuti', 'Jl. Merdeka Baru No. 9', 'P'),
('PLG029', 29, 'Hendro Wijaya', 'Jl. Gajah Mada Barat No. 10', 'L'),
('PLG030', 30, 'Rina Fitriani', 'Jl. Haji Ahmad No. 12', 'P'),
('PLG031', 31, 'Firman Setiawan', 'Jl. Sari Asih No. 13', 'L'),
('PLG032', 32, 'Siti Kartini', 'Jl. Panjaitan No. 14', 'P'),
('PLG033', 33, 'Dedi Purnama', 'Jl. Pemuda Makmur No. 15', 'L'),
('PLG034', 34, 'Rini Widodo', 'Jl. Mas Jaya No. 16', 'P'),
('PLG035', 35, 'Lina Sutrisno', 'Jl. Pahlawan Kusuma No. 17', 'L'),
('PLG036', 36, 'Yusuf Suryanto', 'Jl. Sukabumi No. 18', 'P'),
('PLG037', 37, 'Eva Setiawan', 'Jl. Dewi Damai No. 19', 'L'),
('PLG038', 38, 'Joko Rahayu', 'Jl. Cinta Bahagia No. 20', 'P'),
('PLG039', 39, 'Desi Setiawan', 'Jl. Makmur Sentosa No. 21', 'L'),
('PLG040', 40, 'Fajar Pratama', 'Jl. Panji No. 22', 'P'),
('PLG041', 41, 'Ani Wulandari', 'Jl. Jaya No. 23', 'L'),
('PLG042', 42, 'Agung Prabowo', 'Jl. Abadi Indah No. 24', 'P'),
('PLG043', 43, 'Bambang Purnomo', 'Jl. Serasi Jaya No. 25', 'L'),
('PLG044', 44, 'Devi Kartini', 'Jl. Bahagia Abadi No. 26', 'P'),
('PLG045', 45, 'Eka Suryanto', 'Jl. Bahagia Sentosa No. 27', 'L'),
('PLG046', 46, 'Yusuf Setiawan', 'Jl. Mawar Sari No. 28', 'P'),
('PLG047', 47, 'Rita Rahayu', 'Jl. Jaya Indah No. 29', 'L'),
('PLG048', 48, 'Dodi Purnama', 'Jl. Cinta Sejati No. 30', 'P'),
('PLG049', 49, 'Citra Setiawan', 'Jl. Selamat Makmur No. 31', 'L'),
('PLG050', 50, 'Rizki Rahayu', 'Jl. Bahagia Damai No. 32', 'P'),
('PLG051', 1, 'Anto Sutrisno', 'Jl. Puri Damai No. 33', 'L'),
('PLG052', 2, 'Siti Astuti', 'Jl. Mawar Jaya No. 34', 'P'),
('PLG053', 3, 'Budi Suryanto', 'Jl. Indah Sari No. 35', 'L'),
('PLG054', 4, 'Lia Pratama', 'Jl. Jaya Sakti No. 36', 'P'),
('PLG055', 5, 'Agus Setiawan', 'Jl. Kencana No. 37', 'L'),
('PLG056', 6, 'Rini Wahyu', 'Jl. Jaya Mukti No. 38', 'P'),
('PLG057', 7, 'Budi Pratama', 'Jl. Makmur Selalu No. 39', 'L'),
('PLG058', 8, 'Siti Rahmawati', 'Jl. Harapan Indah No. 40', 'P'),
('PLG059', 9, 'Firman Saputra', 'Jl. Bahagia Sentosa No. 41', 'L'),
('PLG060', 10, 'Sari Wulandari', 'Jl. Cinta Suci No. 42', 'P');

INSERT INTO genre (id_genre, genre) VALUES
(1, 'Action'),
(2, 'Adventure'),
(3, 'Comedy'),
(4, 'Drama'),
(5, 'Fantasy'),
(6, 'Horror'),
(7, 'Science Fiction'),
(8, 'Romance'),
(9, 'Thriller'),
(10, 'Mystery');

INSERT INTO genre_movie (id_genre, kode_dvd) VALUES
(1, 'DVD001'),
(5, 'DVD001'),
(7, 'DVD001'),
(2, 'DVD002'),
(3, 'DVD002'),
(4, 'DVD003'),
(2, 'DVD004'),
(6, 'DVD004'),
(2, 'DVD005'),
(1, 'DVD006'),
(3, 'DVD007'),
(8, 'DVD008'),
(1, 'DVD009'),
(2, 'DVD010'),
(5, 'DVD011'),
(2, 'DVD012'),
(9, 'DVD012'),
(10, 'DVD013'),
(2, 'DVD014'),
(4, 'DVD015'),
(7, 'DVD016'),
(1, 'DVD017'),
(9, 'DVD018'),
(7, 'DVD019'),
(4, 'DVD020'),
(9, 'DVD021'),
(7, 'DVD022'),
(9, 'DVD022'),
(2, 'DVD023'),
(4, 'DVD024'),
(8, 'DVD025'),
(6, 'DVD026'),
(3, 'DVD027'),
(2, 'DVD028'),
(1, 'DVD029'),
(5, 'DVD030'),
(1, 'DVD031'),
(5, 'DVD032'),
(1, 'DVD033'),
(5, 'DVD034'),
(4, 'DVD035'),
(5, 'DVD036'),
(10, 'DVD037'),
(6, 'DVD038'),
(9, 'DVD039'),
(2, 'DVD040'),
(3, 'DVD041'),
(1, 'DVD042'),
(2, 'DVD043'),
(4, 'DVD044'),
(3, 'DVD045');

INSERT INTO transaksi (kode_dvd, kode_pelanggan, tanggal_sewa, tanggal_wajib_kembali, tanggal_realisasi_kembali) VALUES
('DVD001', 'PLG001', '2023-10-01', '2023-10-10', '2023-10-11'),
('DVD002', 'PLG002', '2023-10-02', '2023-10-11', '2023-10-12'),
('DVD003', 'PLG003', '2023-10-03', '2023-10-12', '2023-10-13'),
('DVD004', 'PLG004', '2023-10-04', '2023-10-13', '2023-10-14'),
('DVD005', 'PLG005', '2023-10-05', '2023-10-14', '2023-10-15'),
('DVD006', 'PLG006', '2023-10-06', '2023-10-15', '2023-10-16'),
('DVD007', 'PLG007', '2023-10-07', '2023-10-16', '2023-10-17'),
('DVD008', 'PLG008', '2023-10-08', '2023-10-17', '2023-10-18'),
('DVD009', 'PLG009', '2023-10-09', '2023-10-18', '2023-10-19'),
('DVD010', 'PLG010', '2023-10-10', '2023-10-19', '2023-10-20'),
('DVD011', 'PLG011', '2023-10-11', '2023-10-20', '2023-10-21'),
('DVD012', 'PLG012', '2023-10-12', '2023-10-21', '2023-10-22'),
('DVD013', 'PLG013', '2023-10-13', '2023-10-22', '2023-10-23'),
('DVD014', 'PLG014', '2023-10-14', '2023-10-23', '2023-10-24'),
('DVD015', 'PLG015', '2023-10-15', '2023-10-24', '2023-10-25'),
('DVD016', 'PLG016', '2023-10-16', '2023-10-25', '2023-10-26'),
('DVD017', 'PLG017', '2023-10-17', '2023-10-26', '2023-10-27'),
('DVD018', 'PLG018', '2023-10-18', '2023-10-27', '2023-10-28'),
('DVD019', 'PLG019', '2023-10-19', '2023-10-28', '2023-10-29'),
('DVD020', 'PLG020', '2023-10-20', '2023-10-29', '2023-10-30'),

